camera,Your store. Canon Digital SLR Camera
netbook,Your store. ASUS Eee PC 1000HA 10-Inch Netbook
diamond,Your store. Black & White Diamond Heart
bag,Your store. Genuine Leather Handbag with Cell Phone Holder &amp; Many Pockets
heart,Your store. Black & White Diamond Heart
recipe,Your store. Best Grilling Recipes
wrinkle,Your store. Arrow Men's Wrinkle Free Pinpoint Solid Long Sleeve
skinny,Your store. Levi's Skinny 511 Jeans
cuffed,Your store. V-Blue Juniors' Cuffed Denim Short with Rhinestones
belt,Your store. NIKE Golf Casual Belt
sunglasses,Your store. Ray Ban Aviator Sunglasses RB 3025
camcorder,Your store. Canon VIXIA HF100 Camcorder
